timestamp,X,Y,Z
1764068001852,-0.023801,0.171244,9.661359
1764068001862,-0.00494,0.133073,9.829909
1764068001872,-0.002096,0.143102,9.827963
1764068001882,-0.007934,0.165406,9.703721
1764068001892,-0.00464,0.125439,9.875115
1764068001902,-0.015568,0.158969,9.753118
1764068001912,-0.006287,0.147443,9.786499
1764068001923,-0.001048,0.132025,9.824071
1764068001933,-0.015268,0.154928,9.740993
1764068001943,-0.002545,0.130529,9.820029
1764068001953,-0.017813,0.148641,9.774973
1764068001963,-0.008083,0.145497,9.774823
1764068001973,0.013322,0.14894,9.827364
1764068001983,-0.018861,0.162412,9.760303
1764068001993,0.001048,0.164209,9.807306
1764068002003,-0.008532,0.136516,9.792786
1764068002013,-0.015268,0.145497,9.777817
1764068002023,-0.002096,0.130678,9.821227
1764068002033,-0.014071,0.161514,9.793684
1764068002043,-0.017214,0.141456,9.761501
1764068002053,0.017663,0.164658,9.819281
1764068002063,-0.034129,0.150737,9.755962
1764068002073,-0.000449,0.151784,9.817185
1764068002083,-0.006886,0.14415,9.784254
1764068002093,-0.016017,0.160167,9.790241
1764068002103,0.004341,0.162412,9.787846
1764068002113,-0.017813,0.152982,9.797426
1764068002123,0.001796,0.143551,9.779314
1764068002134,-0.007335,0.158969,9.811198
1764068002144,0.003293,0.131726,9.760453
1764068002154,0.001796,0.144749,9.813143
1764068002164,-0.029938,0.148491,9.795331
1764068002174,0.006137,0.138462,9.798923
1764068002184,-0.01437,0.160317,9.78096
1764068002194,0.002245,0.155676,9.799222
1764068002204,-0.022453,0.14445,9.790091
1764068002214,-0.007185,0.149689,9.789193
1764068002224,-0.009879,0.148491,9.770482
1764068002234,-0.028291,0.141905,9.80057
1764068002244,-0.010628,0.151635,9.77647
1764068002254,-0.012125,0.145647,9.814042
1764068002264,-0.005089,0.152233,9.776919
1764068002274,-0.007185,0.145797,9.810449
1764068002284,-0.017514,0.154479,9.770782
1764068002294,-0.010478,0.159269,9.798474
1764068002304,-0.013622,0.15388,9.783804
1764068002314,-0.005538,0.156724,9.791289
1764068002324,-0.011975,0.145647,9.783206
1764068002334,-0.007185,0.164957,9.774374
1764068002344,0.003593,0.146246,9.794283
1764068002355,-0.015418,0.160616,9.795031
1764068002365,-0.012125,0.145947,9.779763
1764068002375,-0.010029,0.149689,9.801168
1764068002385,-0.005688,0.142953,9.772428
1764068002395,-0.010179,0.154928,9.79054
1764068002405,0.00015,0.156874,9.792337
1764068002415,-0.002096,0.15852,9.79069
1764068002425,-0.00464,0.152682,9.784852
1764068002435,-0.011376,0.1681,9.793684
1764068002445,0.001946,0.15388,9.787397
1764068002455,-0.001796,0.157323,9.803264
1764068002465,-0.007484,0.141007,9.775871
1764068002475,-0.022004,0.152533,9.788445
1764068002485,-0.003293,0.159418,9.784104
1764068002495,-0.012724,0.151784,9.786798
1764068002505,-0.011676,0.158371,9.788145
1764068002515,-0.017065,0.141156,9.782757
1764068002525,-0.010628,0.148491,9.781559
1764068002535,-0.00015,0.149988,9.794432
1764068002545,-0.00464,0.146994,9.797276
1764068002555,0.006287,0.143102,9.797276
1764068002565,-0.007934,0.154329,9.778865
1764068002576,-0.018262,0.143252,9.793085
1764068002586,0.005538,0.146096,9.789493
1764068002596,0.008832,0.145048,9.798624
1764068002606,-0.01452,0.161814,9.766141
1764068002616,-0.037572,0.154778,9.793385
1764068002626,0.022902,0.150737,9.797576
1764068002636,-0.025148,0.151934,9.794732
1764068002646,-0.01452,0.149689,9.777518
1764068002656,0.025597,0.137714,9.789193
1764068002666,-0.039368,0.151934,9.796977
1764068002676,0.00958,0.150587,9.780362
1764068002686,-0.028291,0.156425,9.801019
1764068002696,-0.000748,0.175136,9.77647
1764068002706,-0.009131,0.152533,9.806857
1764068002716,-0.007335,0.14415,9.770632
1764068002726,0.001347,0.152832,9.806857
1764068002736,-0.018861,0.156874,9.779913
1764068002746,-0.008083,0.132475,9.790091
1764068002756,-0.009131,0.14894,9.783206
1764068002766,-0.004341,0.157173,9.793834
1764068002776,-0.013771,0.167053,9.787397
1764068002787,-0.003293,0.155527,9.793235
1764068002797,-0.003892,0.15882,9.782158
1764068002807,-0.008981,0.152383,9.78126
1764068002817,0.001347,0.149838,9.777068
1764068002827,-0.013622,0.164358,9.793684
1764068002837,-0.003443,0.155527,9.778715
1764068002847,-0.018711,0.151635,9.824669
1764068002857,-0.007335,0.152233,9.782757
1764068002867,-0.003742,0.143402,9.810449
1764068002877,-0.011077,0.142204,9.778565
1764068002887,-0.010329,0.147294,9.812694
1764068002897,-0.009879,0.135169,9.782158
1764068002907,0.000898,0.144749,9.803863
1764068002917,0.00464,0.139959,9.782607
1764068002927,-0.001048,0.160317,9.789942
1764068002937,0.006736,0.165107,9.786199
1764068002947,-0.015568,0.149539,9.788295
1764068002957,-0.00479,0.147443,9.798175
1764068002967,-0.020507,0.146246,9.773775
1764068002977,-0.019759,0.143252,9.802066
1764068002987,0.015568,0.115859,9.797726
1764068002997,-0.01901,0.191302,9.801917
1764068003008,-0.023801,0.147743,9.797426
1764068003018,-0.028291,0.155377,9.769135
1764068003028,-0.022453,0.125739,9.827813
1764068003038,-0.005838,0.155227,9.778715
1764068003048,-0.022154,0.135468,9.801917
1764068003058,-0.005688,0.162712,9.780661
1764068003068,-0.010628,0.153581,9.789343
1764068003078,0.028141,0.176184,9.793534
1764068003088,-0.005239,0.141456,9.780212
1764068003098,0.01946,0.153281,9.789193
1764068003108,-0.00943,0.137564,9.785152
1764068003118,0.001198,0.159718,9.783206
1764068003128,-0.022304,0.1443,9.784254
1764068003138,-0.000748,0.154928,9.796678
1764068003148,-0.015119,0.139211,9.779164
1764068003158,-0.004191,0.151335,9.799671
1764068003168,-0.017663,0.145947,9.796977
1764068003178,-0.010778,0.154179,9.775123
1764068003188,-0.011376,0.140258,9.799522
1764068003198,-0.001796,0.15373,9.768237
1764068003208,-0.026944,0.13487,9.80521
1764068003218,0.009281,0.163011,9.783505
1764068003229,-0.011676,0.16361,9.790091
1764068003239,0.01916,0.156724,9.779164
1764068003249,-0.024399,0.144899,9.789343
1764068003259,0.001497,0.142653,9.787696
1764068003269,-0.009281,0.132475,9.783505
1764068003279,0.001647,0.145048,9.789343
1764068003289,-0.012873,0.148491,9.763297
1764068003299,0.000748,0.158371,9.804162
1764068003309,-0.029938,0.180375,9.779314
1764068003319,0.016615,0.155227,9.783655
1764068003329,-0.026196,0.142354,9.798923
1764068003339,-0.013173,0.124242,9.796229
1764068003349,0.008682,0.130379,9.775272
1764068003359,-0.005988,0.160167,9.822574
1764068003369,-0.012274,0.15882,9.766141
1764068003379,0.002245,0.168549,9.809551
1764068003389,-0.010778,0.14924,9.789343
1764068003399,-0.017364,0.152084,9.804462
1764068003409,-0.002545,0.148192,9.766441
1764068003419,-0.015867,0.147443,9.81
1764068003429,-0.015268,0.154179,9.769434
1764068003439,0.011825,0.151036,9.80506
1764068003450,-0.011077,0.151784,9.763896
1764068003460,0.004191,0.155976,9.796079
1764068003470,-0.006437,0.158221,9.763147
1764068003480,-0.007335,0.154628,9.801767
1764068003490,-0.009879,0.142504,9.786649
1764068003500,-0.005688,0.152982,9.773027
1764068003510,-0.000748,0.148641,9.79054
1764068003520,-0.011676,0.153581,9.77617
1764068003530,0.003742,0.152533,9.796079
1764068003540,-0.009879,0.135618,9.787098
1764068003550,0.001796,0.148791,9.794283
1764068003560,-0.003892,0.146695,9.780811
1764068003570,-0.020208,0.150737,9.815688
1764068003580,-0.007484,0.147294,9.777967
1764068003590,-0.007335,0.158221,9.783954
1764068003600,0.003892,0.153132,9.785301
1764068003610,-0.012574,0.148791,9.780212
1764068003620,-0.013322,0.15373,9.789343
1764068003630,-0.003293,0.155826,9.777068
1764068003640,-0.011526,0.153581,9.807455
1764068003650,-0.00494,0.152233,9.788595
1764068003661,-0.004191,0.156724,9.788894
1764068003671,-0.007035,0.153281,9.78126
1764068003681,0.000898,0.148641,9.783056
1764068003691,-0.001048,0.137115,9.777667
1764068003701,-0.014969,0.148491,9.792636
1764068003711,-0.00973,0.145198,9.808503
1764068003721,-0.0,0.164807,9.792337
1764068003731,-0.021106,0.14894,9.799372
1764068003741,0.006886,0.150138,9.791139
1764068003751,-0.005389,0.152383,9.786199
1764068003761,-0.014819,0.1443,9.791439
1764068003771,-0.001347,0.149988,9.767788
1764068003781,-0.014819,0.15852,9.805809
1764068003791,-0.007035,0.159868,9.791439
1764068003801,-0.014669,0.163011,9.805509
1764068003811,-0.002245,0.155527,9.805509
1764068003821,-0.011376,0.160167,9.779014
1764068003831,-0.008233,0.152383,9.793385
1764068003841,-0.007335,0.150587,9.796378
1764068003851,-0.007634,0.144749,9.7859
1764068003861,-0.002844,0.143252,9.775272
1764068003871,-0.017663,0.147593,9.782457
1764068003882,-0.00015,0.151934,9.778715
1764068003892,-0.00494,0.159418,9.798175
1764068003902,-0.011975,0.150737,9.777667
1764068003912,-0.003593,0.143851,9.788595
1764068003922,-0.027992,0.151485,9.7859
1764068003932,0.027992,0.144749,9.796678
1764068003942,-0.035776,0.143851,9.793235
1764068003952,0.013921,0.151186,9.793385
1764068003962,-0.011227,0.160915,9.790391
1764068003972,-0.007335,0.161814,9.786349
1764068003982,0.020507,0.154179,9.786199
1764068003992,-0.026794,0.151036,9.782008
1764068004002,0.024399,0.13951,9.786199
1764068004012,-0.038171,0.149988,9.792187
1764068004022,0.002245,0.140408,9.787696
1764068004032,-0.005988,0.146994,9.798773
1764068004042,-0.014969,0.149988,9.782607
1764068004052,0.003892,0.155676,9.776769
1764068004062,-0.025148,0.156275,9.787547
1764068004072,0.00479,0.159868,9.787996
1764068004082,-0.014819,0.163161,9.797875
1764068004092,-0.002096,0.146096,9.803713
1764068004103,-0.010927,0.142354,9.783056
1764068004113,-0.011526,0.152383,9.785601
1764068004123,0.004191,0.161963,9.789942
1764068004133,-0.001497,0.162712,9.787397
1764068004143,0.005089,0.161814,9.783505
1764068004153,-0.002994,0.147294,9.78605
1764068004163,-0.003143,0.142204,9.801318
1764068004173,-0.002694,0.14415,9.782308
1764068004183,-0.007784,0.143551,9.808204
1764068004193,-0.010179,0.154778,9.772129
1764068004203,0.001497,0.159269,9.798624
1764068004213,-0.003293,0.156125,9.775572
1764068004223,0.007934,0.151485,9.76689
1764068004233,-0.00958,0.147593,9.81015
1764068004243,-0.010179,0.147443,9.840986
1764068004253,-0.005838,0.137265,9.708511
1764068004263,0.011825,0.167951,9.85341
1764068004273,-0.007484,0.160616,9.75716
1764068004283,-0.006586,0.166154,9.816287
1764068004293,-0.008682,0.149539,9.751921
1764068004303,-0.021256,0.144001,9.815389
1764068004313,0.020507,0.152084,9.786199
1764068004324,-0.015119,0.148042,9.817035
1764068004334,-0.005988,0.142504,9.76659
1764068004344,0.010329,0.168999,9.808353
1764068004354,0.001647,0.148791,9.765243
1764068004364,-0.004491,0.161215,9.799522
1764068004374,-0.023351,0.160167,9.769883
1764068004384,0.018262,0.155227,9.809701
1764068004394,-0.023501,0.139061,9.765393
1764068004404,0.021855,0.159568,9.79578
1764068004414,-0.026645,0.138761,9.782008
1764068004424,-0.013771,0.145048,9.787846
1764068004434,0.00015,0.16346,9.809102
1764068004444,-0.007484,0.153581,9.793983
1764068004454,-0.008532,0.155527,9.810449
1764068004464,-0.021855,0.155976,9.781559
1764068004474,-0.007035,0.151784,9.793534
1764068004484,-0.003892,0.151335,9.781409
1764068004494,-0.022603,0.151036,9.791139
1764068004504,-0.0,0.141156,9.801468
1764068004514,-0.014669,0.161963,9.774374
1764068004524,-0.004042,0.151335,9.791139
1764068004535,0.001048,0.158071,9.783655
1764068004545,-0.021555,0.14415,9.783655
1764068004555,-0.008981,0.148641,9.770183
1764068004565,-0.020507,0.165705,9.789343
1764068004575,-0.00015,0.156125,9.797576
1764068004585,-0.000898,0.153281,9.785601
1764068004595,0.005688,0.151934,9.795331
1764068004605,-0.032782,0.148192,9.767788
1764068004615,0.000748,0.153581,9.820628
1764068004625,-0.025447,0.130379,9.765093
1764068004635,-0.015867,0.156874,9.816287
1764068004645,0.003742,0.171693,9.761501
1764068004655,-0.023651,0.155078,9.789942
1764068004665,-0.008083,0.146396,9.780511
1764068004675,-0.025746,0.144599,9.778865
1764068004685,-0.004042,0.13966,9.800719
1764068004695,-0.006586,0.160766,9.791439
1764068004705,-0.002994,0.165406,9.803863
1764068004715,-0.002694,0.167053,9.799073
1764068004725,-0.016765,0.149988,9.781709
1764068004735,0.004341,0.149689,9.80985
1764068004745,-0.013921,0.152233,9.788295
1764068004756,-0.005688,0.154628,9.799073
1764068004766,-0.014969,0.153581,9.776769
1764068004776,-0.012125,0.149838,9.803713
1764068004786,0.006287,0.164508,9.768536
1764068004796,-0.015268,0.166604,9.802216
1764068004806,-0.012574,0.149988,9.776919
1764068004816,-0.026345,0.145947,9.79084
1764068004826,-0.004491,0.124242,9.785002
1764068004836,-0.012274,0.147593,9.779014
1764068004846,-0.008682,0.159718,9.80985
1764068004856,0.00479,0.150886,9.791888
1764068004866,-0.013472,0.17304,9.786798
1764068004876,-0.006886,0.156724,9.785301
1764068004886,-0.00973,0.142953,9.795181
1764068004896,-0.006287,0.15373,9.794432
1764068004906,-0.000599,0.142953,9.777218
1764068004916,-0.013322,0.153431,9.793983
1764068004926,-0.007185,0.139959,9.778416
1764068004936,-0.017514,0.162263,9.80057
1764068004946,0.010927,0.169597,9.79054
1764068004956,0.002844,0.166454,9.801767
1764068004966,-0.010778,0.150737,9.783804
1764068004977,-0.004491,0.141905,9.794133
1764068004987,-0.007634,0.147443,9.793684
1764068004997,-0.011077,0.144899,9.782158
1764068005007,-0.015268,0.162861,9.808952
1764068005017,-0.004042,0.160915,9.799821
1764068005027,-0.014669,0.164059,9.801168
1764068005037,-0.010927,0.153431,9.777068
1764068005047,-0.01422,0.146246,9.804012
1764068005057,-0.013472,0.147294,9.795929
1764068005067,-0.0,0.135019,9.786499
1764068005077,0.000898,0.158371,9.793534
1764068005087,0.002844,0.154179,9.783056
1764068005097,-0.013622,0.167651,9.785451
1764068005107,-0.016915,0.15373,9.783505
1764068005117,-0.008981,0.150287,9.790091
1764068005127,0.001946,0.140408,9.785152
1764068005137,-0.007934,0.131576,9.783954
1764068005147,0.000748,0.143851,9.792935
1764068005157,-0.004191,0.151934,9.785002
1764068005167,-0.008532,0.155527,9.786499
1764068005177,-0.001198,0.150138,9.794133
1764068005188,-0.01437,0.150737,9.787996
1764068005198,-0.00973,0.157922,9.792037
1764068005208,-0.01437,0.147443,9.790241
1764068005218,0.001647,0.146994,9.782906
1764068005228,-0.013322,0.150737,9.797426
1764068005238,0.00494,0.156425,9.795031
1764068005248,-0.001198,0.162263,9.785152
1764068005258,-0.007484,0.164957,9.810449
1764068005268,-0.010179,0.157473,9.790391
1764068005278,-0.006736,0.157772,9.784703
1764068005288,-0.006287,0.141306,9.784553
1764068005298,-0.010778,0.14909,9.786499
1764068005308,-0.000898,0.165256,9.789942
1764068005318,-0.000449,0.148791,9.77138
1764068005328,-0.009281,0.144749,9.785002
1764068005338,0.000898,0.136067,9.777368
1764068005348,-0.032033,0.160466,9.793834
1764068005358,0.012274,0.158071,9.798175
1764068005368,0.014071,0.149838,9.795181
1764068005378,-0.029938,0.155826,9.792786
1764068005388,0.035925,0.143701,9.783355
1764068005398,-0.047751,0.161814,9.796827
1764068005409,0.007484,0.165256,9.769285
1764068005419,-0.007934,0.166304,9.815838
1764068005429,-0.018861,0.139061,9.777068
1764068005439,0.017065,0.136067,9.796378
1764068005449,-0.027992,0.150587,9.774075
1764068005459,0.025297,0.161364,9.793534
1764068005469,-0.014071,0.155976,9.781859
1764068005479,0.002245,0.141905,9.778116
1764068005489,-0.014071,0.145198,9.782906
1764068005499,-0.020956,0.142953,9.796079
1764068005509,-0.005389,0.151784,9.792337
1764068005519,-0.017065,0.178429,9.80536
1764068005529,0.001946,0.153431,9.768686
1764068005539,-0.016615,0.146396,9.799671
1764068005549,-0.007335,0.142504,9.748328
1764068005559,-0.010329,0.155976,9.781409
1764068005569,-0.006137,0.140408,9.78111
1764068005579,0.001198,0.13472,9.796229
1764068005589,-0.010927,0.150737,9.788145
1764068005599,0.005838,0.167801,9.801617
1764068005609,-0.010179,0.161514,9.792935
1764068005619,0.00015,0.162113,9.799522
1764068005630,0.003892,0.145797,9.763896
1764068005640,-0.010628,0.135468,9.802965
1764068005650,-0.00479,0.141306,9.777518
1764068005660,-0.01422,0.154778,9.803264
1764068005670,-0.004191,0.163909,9.784104
1764068005680,-0.004191,0.164807,9.811198
1764068005690,-0.003443,0.161664,9.794133
1764068005700,0.002994,0.159568,9.799971
1764068005710,-0.010179,0.152832,9.783056
1764068005720,-0.006437,0.143701,9.794582
1764068005730,-0.005089,0.141905,9.778416
1764068005740,-0.002844,0.140109,9.781859
1764068005750,0.002694,0.159119,9.789193
1764068005760,-0.005838,0.1684,9.797875
1764068005770,0.006736,0.163909,9.790091
1764068005780,-0.007784,0.153281,9.789343
1764068005790,-0.010778,0.146994,9.783804
1764068005800,-0.015568,0.148791,9.784254
1764068005810,-0.006736,0.161514,9.787547
1764068005820,0.001198,0.155078,9.779913
1764068005830,-0.023801,0.155826,9.801019
1764068005840,-0.015717,0.165256,9.786349
1764068005851,-0.001347,0.164658,9.790241
1764068005861,-0.013921,0.157323,9.783954
1764068005871,-0.001497,0.146396,9.781559
1764068005881,-0.012724,0.151784,9.788295
1764068005891,0.001946,0.150287,9.779913
1764068005901,-0.00973,0.160317,9.798025
1764068005911,-0.001497,0.15867,9.791588
1764068005921,-0.005688,0.157173,9.781709
1764068005931,-0.015268,0.146845,9.793534
1764068005941,-0.012274,0.139061,9.791289
1764068005951,-0.002395,0.154778,9.789792
1764068005961,-0.013322,0.161065,9.791588
1764068005971,-0.011676,0.155976,9.796378
1764068005981,0.010628,0.150138,9.787547
1764068005991,-0.009281,0.156425,9.777667
1764068006001,-0.010927,0.151186,9.783056
1764068006011,-0.010478,0.148342,9.79069
1764068006021,-0.014969,0.152084,9.784852
1764068006031,-0.008981,0.134271,9.796079
1764068006041,-0.013921,0.147743,9.790391
1764068006051,-0.00973,0.16825,9.79084
1764068006062,-0.001796,0.156425,9.800121
1764068006072,-0.011825,0.148342,9.769584
1764068006082,0.000748,0.146096,9.808204
1764068006092,-0.02395,0.141306,9.799073
1764068006102,0.002395,0.169897,9.704619
1764068006112,-0.019609,0.142504,9.879755
1764068006122,-0.004191,0.168849,9.769883
1764068006132,0.017214,0.162412,9.793235
1764068006142,-0.042811,0.165855,9.820778
1764068006152,0.01452,0.157473,9.765393
1764068006162,-0.003892,0.152084,9.78605
1764068006172,-0.034877,0.146396,9.808054
1764068006182,0.023052,0.130828,9.736653
1764068006192,-0.041613,0.149988,9.849368
1764068006202,0.025447,0.184866,9.750574
1764068006212,-0.042212,0.177681,9.831705
1764068006222,0.002096,0.147443,9.758507
1764068006232,-0.001796,0.134121,9.827065
1764068006242,-0.016915,0.123493,9.759405
1764068006252,0.008682,0.151036,9.827663
1764068006262,-0.035626,0.160616,9.748478
1764068006272,0.020058,0.167502,9.833052
1764068006283,-0.018711,0.157023,9.773925
1764068006293,-0.007335,0.148042,9.806108
1764068006303,-0.001796,0.156874,9.782308
1764068006313,-0.02395,0.150138,9.807455
1764068006323,0.011227,0.136965,9.767937
1764068006333,-0.006437,0.156874,9.808653
1764068006343,-0.001347,0.148791,9.781559
1764068006353,0.009879,0.180674,9.809551
1764068006363,-0.016316,0.154179,9.766291
1764068006373,0.016316,0.154329,9.804911
1764068006383,-0.017813,0.119302,9.775272
1764068006393,-0.018412,0.142953,9.799372
1764068006403,-0.004491,0.154179,9.736653
1764068006413,-0.005838,0.18292,9.844279
1764068006423,-0.005389,0.164658,9.768087
1764068006433,-0.018412,0.180076,9.833052
1764068006443,0.002545,0.159568,9.773326
1764068006453,-0.018112,0.146695,9.780062
1764068006463,0.021555,0.12993,9.799073
1764068006473,-0.006736,0.140857,9.774823
1764068006483,-0.032333,0.123793,9.79069
1764068006493,-0.00958,0.183369,9.788445
1764068006504,0.017514,0.18756,9.80521
1764068006514,-0.016466,0.154778,9.805659
1764068006524,0.020358,0.114063,9.769434
1764068006534,0.025746,0.119601,9.790091
1764068006544,-0.004491,0.116608,9.762399
1764068006554,0.005688,0.159119,9.795331
1764068006564,0.00494,0.151335,9.798773
1764068006574,0.116907,0.150287,9.764644
1764068006584,0.180824,0.146545,9.840087
1764068006594,0.123793,0.168549,9.805958
1764068006604,0.020358,0.149988,9.783505
1764068006614,0.117655,0.180076,9.777518
1764068006624,0.168549,0.166154,9.794283
1764068006634,0.130529,0.191901,9.767788
1764068006644,-0.089664,0.172591,9.716445
1764068006654,0.155676,0.168849,9.896221
1764068006664,0.568368,0.304467,9.833351
1764068006674,0.460443,0.241897,9.669742
1764068006684,0.28381,0.123344,9.847422
1764068006694,0.120948,0.089963,9.844428
1764068006704,0.055984,0.053888,9.748179
1764068006714,0.022453,0.160616,9.700278
1764068006725,0.021405,0.198936,9.839788
1764068006735,0.041913,0.180824,9.832004
1764068006745,0.103734,0.227078,9.723031
1764068006755,0.131427,0.204026,9.84832
1764068006765,0.120799,0.13936,9.764046
1764068006775,0.189805,0.142055,9.657318
1764068006785,-0.069605,-0.042512,10.144255
1764068006795,-0.117955,0.016017,9.445658
1764068006805,-0.167801,0.007784,9.859697
1764068006815,-0.18741,-0.007185,10.020313
1764068006825,0.027842,0.119901,9.327853
1764068006835,-0.207169,0.001198,10.256072
1764068006845,0.009879,0.057181,9.56481
1764068006855,0.049248,0.162712,9.734108
1764068006865,0.171394,0.155227,10.014026
1764068006875,0.304167,0.256267,9.346564
1764068006885,0.129181,0.169148,10.222991
1764068006895,0.357756,0.186961,9.529483
1764068006905,0.330363,0.192949,9.775422
1764068006915,0.244442,0.218096,10.045311
1764068006925,0.340093,0.350122,9.487271
1764068006936,0.274679,0.296084,10.024055
1764068006946,0.217647,0.333506,9.699979
1764068006956,0.296982,0.303718,9.567504
1764068006966,0.106578,0.142653,10.197993
1764068006976,0.123793,0.167801,9.583371
1764068006986,0.004042,0.131127,9.719438
1764068006996,-0.184866,0.117506,9.891281
1764068007006,-0.083526,0.19235,9.748927
1764068007016,0.053888,0.238155,9.674232
1764068007026,0.131277,0.191751,10.019265
1764068007036,0.243544,0.266147,9.551488
1764068007046,0.011676,0.164059,9.897867
1764068007056,-0.036973,0.192649,9.783954
1764068007066,-0.088616,0.161664,9.723031
1764068007076,-0.189057,0.085023,9.914932
1764068007086,0.039668,0.201631,9.666598
1764068007096,0.041763,0.114662,9.920021
1764068007106,0.10089,0.116158,9.720486
1764068007116,0.021405,0.116757,9.937684
1764068007126,0.176034,0.113913,9.579928
1764068007136,-0.020507,0.017364,10.043664
1764068007146,-0.00494,0.119901,9.553733
1764068007157,0.023351,0.047451,9.91104
1764068007167,0.055984,0.135319,9.701176
1764068007177,0.080533,0.211211,9.80521
1764068007187,0.13951,0.27393,9.793983
1764068007197,0.124242,0.264051,9.852063
1764068007207,0.126786,0.232916,9.656419
1764068007217,-0.055235,0.12993,9.913734
1764068007227,0.061223,0.176483,9.674382
1764068007237,0.142803,0.216151,9.813892
1764068007247,0.131427,0.242196,9.77153
1764068007257,0.205972,0.277074,9.821526
1764068007267,0.122296,0.190703,9.874366
1764068007277,0.068408,0.125739,9.663904
1764068007287,-0.06736,0.092657,9.877809
1764068007297,-0.280816,-0.015568,9.787696
1764068007307,-0.331111,-0.044757,9.770332
1764068007317,-0.245639,0.010927,9.724378
1764068007327,-0.008083,0.03832,9.902807
1764068007337,0.042811,0.080682,9.666149
1764068007347,0.050744,0.016765,9.943373
1764068007357,0.022753,0.133672,9.618848
1764068007367,-0.114811,0.08637,9.965676
1764068007378,-0.059426,0.186063,9.649983
1764068007388,-0.071701,0.24519,9.882
1764068007398,-0.06736,0.282163,9.752669
1764068007408,-0.047451,0.13487,9.711505
1764068007418,-0.088316,0.102387,9.990824
1764068007428,0.061522,0.195793,9.618848
1764068007438,0.059726,0.161963,9.783655
1764068007448,0.098345,0.181123,9.895323
1764068007458,0.03383,0.249381,9.810599
1764068007468,-0.172441,0.272134,9.499845
1764068007478,-0.233065,0.079185,10.212363
1764068007488,-0.001198,0.246837,9.427545
1764068007498,-0.089514,0.110171,10.077194
1764068007508,-0.073647,0.069156,9.578282
1764068007518,-0.160766,-0.040715,9.929452
1764068007528,-0.014819,-0.016017,9.70417
1764068007538,0.039368,0.025746,9.751023
1764068007548,0.068707,0.103585,9.803414
1764068007558,0.076491,0.195493,9.797576
1764068007568,0.132475,0.221988,9.796079
1764068007578,0.177231,0.321382,9.650282
1764068007588,0.092059,0.27393,9.983789
1764068007599,0.054636,0.141755,9.692345
1764068007609,0.070503,0.163161,9.709259
1764068007619,-0.047751,0.142354,10.005044
1764068007629,0.171843,0.182471,9.673783
1764068007639,0.030836,0.098645,9.83889
1764068007649,-0.081431,0.125589,9.873618
1764068007659,-0.102686,0.12963,9.710307
1764068007669,-0.12484,0.154179,9.83889
1764068007679,-0.083975,0.18262,9.720935
1764068007689,-0.045655,0.162562,9.893975
1764068007699,-0.108973,0.213905,9.658515
1764068007709,0.004042,0.159568,9.833351
1764068007719,0.061821,0.113165,9.842183
1764068007729,0.126038,0.109273,9.660611
1764068007739,0.092059,0.070952,9.99262
1764068007749,0.143701,0.184716,9.659713
1764068007759,0.123793,0.142653,9.908495
1764068007769,0.017663,0.18741,9.676328
1764068007779,-0.124391,0.063169,9.909543
1764068007789,-0.257614,0.027243,9.75731
1764068007799,-0.208516,0.040865,9.794283
1764068007810,0.028441,0.229024,9.786649
1764068007820,0.057331,0.289348,9.795929
1764068007830,0.093106,0.22139,9.672586
1764068007840,0.043559,0.027543,9.897718
1764068007850,-0.054038,0.073497,9.923763
1764068007860,-0.016017,0.162113,9.648935
1764068007870,0.026944,0.190554,9.804761
1764068007880,0.03353,0.16361,9.898017
1764068007890,0.037272,0.176333,9.611513
1764068007900,0.106578,0.119003,9.933344
1764068007910,-0.013322,0.147743,9.648186
1764068007920,-0.053289,0.042661,9.887838
1764068007930,-0.016915,0.090562,9.809551
1764068007940,-0.020807,0.148491,9.644145
1764068007950,-0.006736,0.181423,10.030042
1764068007960,0.054187,0.234113,9.57933
1764068007970,-0.01931,0.16331,9.759854
1764068007980,-0.137863,0.172142,9.952204
1764068007990,-0.107926,0.158221,9.690399
1764068008000,-0.089065,0.143252,9.850865
1764068008010,-0.041913,0.119452,9.806707
1764068008020,0.184267,0.208816,9.724677
1764068008031,0.178728,0.208666,9.931697
1764068008041,0.126038,0.186812,9.802066
1764068008051,0.055385,0.170645,9.63217
1764068008061,-0.068258,0.088017,9.913435
1764068008071,0.202379,0.244142,9.640852
1764068008081,0.242047,0.246687,9.851015
1764068008091,0.135768,0.114212,9.850566
1764068008101,0.049397,0.157473,9.645941
1764068008111,-0.095202,0.149389,9.686058
1764068008121,-0.276026,0.021705,9.956994
1764068008131,-0.250579,0.029938,9.808204
1764068008141,-0.082179,0.148192,9.631122
1764068008151,0.025896,0.218695,9.970766
1764068008161,0.049846,0.272134,9.701176
1764068008171,0.042512,0.214354,9.861792
1764068008181,0.196242,0.217947,9.721085
1764068008191,0.097298,0.18756,9.621542
1764068008201,-0.160167,0.069306,10.087224
1764068008211,-0.018112,0.193548,9.550589
1764068008221,-0.11047,0.142803,9.87272
1764068008231,-0.166604,0.064516,10.006841
1764068008241,-0.154179,0.161065,9.289981
1764068008252,-0.223036,-0.043709,10.318642
1764068008262,0.039967,0.061073,9.591754
1764068008272,0.040865,0.034728,9.558373
1764068008282,-0.14909,-0.011975,10.244097
1764068008292,-0.138612,0.138761,9.21858
1764068008302,-0.291145,-0.063019,10.221494
1764068008312,-0.171843,0.057031,9.624685
1764068008322,-0.190254,0.102387,9.550589
1764068008332,-0.166903,0.251926,10.171199
1764068008342,0.171693,0.340841,9.475446
1764068008352,0.08173,0.25028,9.796827
1764068008362,-0.123493,0.00973,10.067315
1764068008372,-0.066462,0.0482,9.637559
1764068008382,0.068857,0.207469,9.67513
1764068008392,-0.053439,0.033381,10.009086
1764068008402,-0.008083,0.082179,9.80536
1764068008412,0.012125,0.168699,9.486972
1764068008422,-0.096699,0.138163,9.986932
1764068008432,0.114961,0.193847,9.92541
1764068008442,0.18292,0.343985,9.49251
1764068008452,0.135019,0.279469,9.777667
1764068008463,0.128882,0.242346,10.08902
1764068008473,0.144001,0.289498,9.877809
1764068008483,0.163161,0.323926,9.677825
1764068008493,0.15882,0.252375,9.658515
1764068008503,-0.041913,0.123344,9.871971
1764068008513,-0.189656,0.066312,9.882599
1764068008523,-0.169448,0.110321,9.659114
1764068008533,-0.01931,0.156125,9.820927
1764068008543,-0.045356,0.186213,9.814191
1764068008553,0.017514,0.154628,9.827214
1764068008563,0.189057,0.203128,9.666149
1764068008573,0.243394,0.161963,9.732012
1764068008583,0.183369,0.122745,9.914333
1764068008593,0.180824,0.135319,9.618398
1764068008603,0.132475,0.06751,9.977801
1764068008613,0.114811,0.07215,9.735006
1764068008623,0.106728,0.074994,9.839489
1764068008633,0.163011,0.116308,9.758806
1764068008643,0.065713,0.074994,9.828262
1764068008653,0.088616,0.023351,9.845327
1764068008663,0.150437,0.054636,9.728719
1764068008673,0.082329,0.064216,9.805509
1764068008684,-0.085622,0.084424,9.954001
1764068008694,-0.086221,0.155377,9.630074
1764068008704,-0.002844,0.150737,9.833501
1764068008714,-0.092208,0.172441,9.804162
1764068008724,-0.109872,0.125289,9.730964
1764068008734,-0.0479,0.097148,9.833801
1764068008744,-0.047601,0.159718,9.854158
1764068008754,0.100291,0.215402,9.779613
1764068008764,0.037722,0.283061,9.769285
1764068008774,-0.12484,0.194595,9.938732
1764068008784,0.024699,0.195643,9.635613
1764068008794,-0.082928,0.16825,9.750125
1764068008804,-0.099393,0.058079,10.001003
1764068008814,-0.139809,0.122894,9.572294
1764068008824,-0.22109,0.112865,9.808802
1764068008834,-0.277373,0.121547,10.028396
1764068008844,-0.0479,0.284259,9.339828
1764068008854,-0.217348,0.112416,10.106533
1764068008864,-0.164807,0.293689,9.855356
1764068008874,-0.112865,0.246837,9.602382
1764068008884,-0.346529,0.141755,10.020013
1764068008894,-0.268092,0.194595,9.659862
1764068008905,-0.222587,0.130978,9.816287
1764068008915,0.068707,0.202379,9.708212
1764068008925,0.078437,0.179477,9.837094
1764068008935,0.239502,0.198188,9.695937
1764068008945,0.175735,0.158071,9.884395
1764068008955,0.102088,0.136666,9.822873
1764068008965,0.025746,0.110171,9.666449
1764068008975,-0.022004,0.087418,9.961485
1764068008985,0.05284,0.196092,9.616602
1764068008995,-0.044907,0.161364,9.801468
1764068009005,-0.152533,0.180974,9.875564
1764068009015,-0.055385,0.215402,9.69459
1764068009025,-0.079784,0.132924,9.849817
1764068009035,0.015717,0.131427,9.871372
1764068009045,0.294887,0.216899,9.613159
1764068009055,0.100591,0.104333,9.937535
1764068009065,0.116009,0.094154,9.809401
1764068009075,0.233664,0.152682,9.693991
1764068009085,0.270038,0.156275,9.822274
1764068009095,0.011676,0.159718,9.849817
1764068009105,-0.024699,0.198936,9.63696
1764068009115,-0.034578,0.167202,9.740395
1764068009126,-0.098645,0.056882,10.082583
1764068009136,-0.049098,0.105231,9.466464
1764068009146,-0.071102,0.159868,9.852063
1764068009156,0.037572,0.212708,9.964778
1764068009166,0.111368,0.206421,9.517209
1764068009176,0.057181,0.12484,9.929003
1764068009186,-0.011376,0.11077,9.966574
1764068009196,0.066911,0.160317,9.427545
1764068009206,-0.094154,0.081131,10.168355
1764068009216,0.122894,0.20657,9.552835
1764068009226,-0.061223,0.13472,9.83425
1764068009236,-0.18277,0.126337,10.008338
1764068009246,-0.17798,0.217049,9.330098
1764068009256,-0.359852,0.057331,10.390942
1764068009266,0.010927,0.242047,9.31932
1764068009276,-0.047002,0.198787,9.895921
1764068009286,-0.067959,0.208067,9.986184
1764068009296,0.141156,0.319136,9.491762
1764068009306,0.021705,0.238454,9.99277
1764068009316,-0.009281,0.202828,9.841285
1764068009326,0.04311,0.232467,9.564361
1764068009336,-0.068557,0.139959,9.985585
1764068009347,-0.026495,0.185165,9.691896
1764068009357,-0.088765,0.130079,9.787846
1764068009367,-0.116608,0.084125,9.843081
1764068009377,-0.021855,0.150587,9.85805
1764068009387,0.123942,0.137265,9.654174
1764068009397,0.125888,0.106429,9.913884
1764068009407,0.207169,0.137564,9.68995
1764068009417,0.160616,0.123344,9.865834
1764068009427,-0.019609,0.154778,9.80027
1764068009437,-0.023801,0.242945,9.697434
1764068009447,-0.079784,0.223336,9.88694
1764068009457,-0.104034,0.242047,9.681717
1764068009467,-0.083975,0.214504,9.887239
1764068009477,-0.080383,0.146396,9.848021
1764068009487,-0.094154,0.129331,9.567953
1764068009497,-0.185315,0.14445,9.964928
1764068009507,-0.074096,0.237107,9.707463
1764068009517,-0.011825,0.2166,9.819281
1764068009527,-0.19729,0.136516,9.810898
1764068009537,-0.193697,0.080682,9.749526
1764068009547,-0.136815,0.031135,9.787696
1764068009558,-0.01901,0.101339,9.787247
1764068009568,0.065414,0.180076,9.82916
1764068009578,0.137863,0.132175,9.749825
1764068009588,0.218546,0.076192,9.881551
1764068009598,0.074695,0.12978,9.749376
1764068009608,0.156724,0.172441,9.873019
1764068009618,0.076042,0.153281,9.714798
1764068009628,0.056283,0.200733,9.724827
1764068009638,0.045056,0.236957,10.002051
1764068009648,0.169448,0.334105,9.487271
1764068009658,-0.040715,0.185464,9.98304
1764068009668,-0.035626,0.16346,9.880054
1764068009678,-0.104483,0.134121,9.601783
1764068009688,-0.201631,0.053139,10.010134
1764068009698,0.007185,0.217647,9.465117
1764068009708,-0.044757,0.181123,9.969868
1764068009718,-0.056732,0.200733,9.881551
1764068009728,0.160466,0.242346,9.601484
1764068009738,0.070952,0.167502,9.900711
1764068009748,-0.05793,0.123044,9.730665
1764068009758,-0.070204,0.104782,9.823472
1764068009768,-0.018561,0.125589,9.845327
1764068009779,-0.065414,0.212857,9.804611
1764068009789,-0.011227,0.20178,9.774524
1764068009799,0.085472,0.281564,9.700578
1764068009809,-0.236059,0.189955,9.876911
1764068009819,-0.033231,0.245639,9.741143
1764068009829,-0.049846,0.213007,9.883946
1764068009839,-0.064067,0.202978,9.653426
1764068009849,-0.088316,0.155227,9.89637
1764068009859,-0.014669,0.154928,9.685609
1764068009869,-0.014071,0.133822,9.749376
1764068009879,0.072898,0.153431,9.993518
1764068009889,0.26929,0.261057,9.565259
1764068009899,0.061672,0.107027,9.950109
1764068009909,0.091609,0.127684,9.83904
1764068009919,-0.009281,0.137714,9.5937
1764068009929,-0.116009,0.094753,10.052196
1764068009939,0.04326,0.194446,9.5455
1764068009949,0.03862,0.177082,9.916429
1764068009959,0.089813,0.17783,9.922117
1764068009969,0.103435,0.287103,9.486074
1764068009979,0.050894,0.112117,10.05534
1764068009989,0.045805,0.076042,9.715397
1764068010000,-0.09146,0.140109,9.516909
1764068010010,-0.160466,0.1443,10.075847
1764068010020,-0.118703,0.152233,9.639505
1764068010030,-0.161215,0.11062,9.927506
1764068010040,-0.161065,0.145198,9.705667
1764068010050,-0.093705,0.155826,9.796678
1764068010060,0.148491,0.227078,9.613908
1764068010070,0.047601,0.127086,9.957593
1764068010080,-0.098196,0.095801,9.798624
1764068010090,-0.146994,0.125589,9.75716
1764068010100,-0.155078,0.123643,9.739497
1764068010110,-0.014071,0.236658,9.82901
1764068010120,-0.005239,0.216151,9.940529
1764068010130,0.139809,0.308958,9.552835
1764068010140,0.092208,0.213007,9.772728
1764068010150,-0.089514,0.128283,9.98783
1764068010160,-0.063767,0.170945,9.534573
1764068010170,-0.065264,0.070204,9.907896
1764068010180,-0.041314,0.097747,9.931847
1764068010190,0.080533,0.198188,9.578282
1764068010200,0.112865,0.168699,9.941576
1764068010210,0.157173,0.210762,9.779014
1764068010221,0.185614,0.233065,9.804012
1764068010231,0.202828,0.222138,9.662407
1764068010241,0.084874,0.15852,9.840686
1764068010251,-0.103435,0.121398,9.861493
1764068010261,-0.242795,0.094454,9.772278
1764068010271,-0.085472,0.092059,9.808054
1764068010281,-0.06242,0.194296,9.594897
1764068010291,-0.132025,0.109273,10.133926
1764068010301,0.142953,0.246986,9.445508
1764068010311,-0.020807,0.179028,9.921368
1764068010321,-0.037722,0.133672,9.846225
1764068010331,0.088017,0.140109,9.799821
1764068010341,0.119901,0.166454,9.892928
1764068010351,0.079335,0.185315,9.605525
1764068010361,0.012125,0.150587,9.876611
1764068010371,-0.107477,0.114512,9.843231
1764068010381,-0.0482,0.102237,9.589658
1764068010391,-0.051493,0.061672,10.063573
1764068010401,-0.002395,0.146246,9.700877
1764068010411,-0.006736,0.1681,9.682914
1764068010421,-0.091759,0.125888,9.995614
1764068010432,-0.055235,0.188907,9.586066
1764068010442,-0.192949,0.104632,9.84847
1764068010452,-0.3127,0.087718,9.864786
1764068010462,-0.071551,0.131876,9.565558
1764068010472,-0.047302,0.079634,10.124346
1764068010482,0.07694,0.185764,9.521101
1764068010492,0.026645,0.12978,9.935589
1764068010502,0.059127,0.160167,9.945768
1764068010512,0.175735,0.324375,9.46362
1764068010522,-0.12484,0.139061,10.102043
1764068010532,0.087119,0.261955,9.644744
1764068010542,-0.000898,0.178878,9.665401
1764068010552,0.016915,0.117805,10.084978
1764068010562,-0.083676,0.17304,9.611812
1764068010572,-0.095651,0.135618,9.890533
1764068010582,-0.137564,0.195194,9.756561
1764068010592,-0.037123,0.166005,9.885443
1764068010602,0.053139,0.252675,9.635164
1764068010612,0.021405,0.199086,10.002051
1764068010622,0.128433,0.19699,9.636361
1764068010632,0.023351,0.160017,9.633816
1764068010642,-0.213456,0.022753,10.060579
1764068010653,-0.094154,0.096998,9.554182
1764068010663,-0.123493,0.079335,10.056986
1764068010673,0.067061,0.219144,9.5455
1764068010683,0.034279,0.16361,10.076596
1764068010693,0.10104,0.24055,9.59834
1764068010703,-0.070204,0.136217,9.897418
1764068010713,0.138163,0.191302,9.711655
1764068010723,0.163011,0.195793,9.773177
1764068010733,0.088466,0.182021,9.861194
1764068010743,-0.010778,0.164358,9.768536
1764068010753,-0.198038,0.142204,9.8823
1764068010763,0.026645,0.158371,9.644295
1764068010773,-0.229473,0.073198,9.855356
1764068010783,-0.118104,0.064666,9.865385
1764068010793,-0.140707,0.102986,9.721085
1764068010803,-0.313598,0.056133,9.842932
1764068010813,-0.217647,0.101639,9.815089
1764068010823,-0.167801,0.113763,9.741143
1764068010833,-0.135768,0.134271,9.772578
1764068010843,-0.036524,0.130678,9.80506
1764068010853,0.13936,0.168699,9.884844
1764068010863,0.270488,0.276026,9.694291
1764068010874,0.228874,0.243094,9.826466
1764068010884,0.215701,0.291294,9.891431
1764068010894,0.133073,0.261057,9.772278
1764068010904,0.175884,0.313448,9.604328
1764068010914,-0.035327,0.283061,10.058483
1764068010924,-0.095202,0.361947,9.666149
1764068010934,-0.223036,0.222737,9.691896
1764068010944,-0.317041,0.105231,10.02181
1764068010954,-0.290695,0.132175,9.611363
1764068010964,-0.344883,0.03383,9.884096
1764068010974,-0.13442,0.122595,9.726474
1764068010984,-0.041913,0.168999,9.738748
1764068010994,0.028591,0.219743,9.947714
1764068011004,0.1681,0.225731,9.738898
1764068011014,-0.123643,0.089813,9.687106
1764068011024,0.125439,0.126487,9.893676
1764068011034,-0.012125,0.099094,9.770931
1764068011044,-0.186213,0.036374,9.708212
1764068011054,-0.033231,0.073946,9.961784
1764068011064,-0.063468,0.126936,9.619297
1764068011074,0.00943,0.168549,9.923015
1764068011084,-0.051942,0.179926,9.80536
1764068011095,-0.133672,0.115709,9.730964
1764068011105,-0.072,0.159568,9.826466
1764068011115,0.044757,0.200733,9.818682
1764068011125,0.130978,0.228425,9.778116
1764068011135,0.271535,0.306562,9.67528
1764068011145,0.387095,0.318538,9.879605
1764068011155,0.093705,0.182021,9.894275
1764068011165,-0.02904,0.132325,9.63217
1764068011175,0.022453,0.148042,9.855356
1764068011185,0.005538,0.240699,9.794432
1764068011195,-0.051194,0.273032,9.668394
1764068011205,-0.084424,0.165855,9.920021
1764068011215,-0.057331,0.084574,9.724228
1764068011225,-0.249381,0.02904,9.802366
1764068011235,-0.009879,0.014071,9.837243
1764068011245,0.044308,0.087119,9.583371
1764068011255,-0.034728,0.047601,10.070309
1764068011265,0.037422,0.157772,9.626482
1764068011275,-0.120499,0.101938,9.831705
1764068011285,-0.29803,0.105531,9.761651
1764068011295,-0.263003,0.165406,9.85311
1764068011306,-0.340542,0.143701,9.863738
1764068011316,-0.15403,0.17334,9.764644
1764068011326,-0.003892,0.173938,9.652677
1764068011336,-0.188458,0.088167,9.93499
1764068011346,-0.117955,0.023052,9.770931
1764068011356,0.234413,0.208067,9.782457
1764068011366,0.114063,0.13457,9.791888
1764068011376,0.00973,0.031285,9.768237
1764068011386,0.127535,0.129481,9.85326
1764068011396,0.085323,0.079485,9.67543
1764068011406,0.096849,-0.02395,9.885593
1764068011416,0.141905,0.04326,9.815389
1764068011426,0.113464,0.086071,9.581725
1764068011436,0.047451,0.054337,9.970167
1764068011446,0.076491,0.146695,9.750125
1764068011456,-0.201032,0.306263,9.75731
1764068011466,-0.241598,0.323926,10.006092
1764068011476,-0.125589,0.427062,9.435629
1764068011486,-0.181872,0.207618,10.094708
1764068011496,0.079934,0.274828,9.66555
1764068011506,-0.147743,0.220042,9.686207
1764068011516,-0.191751,0.157922,10.075697
1764068011527,-0.108225,0.26465,9.536668
1764068011537,-0.007934,0.256267,9.918674
1764068011547,-0.248783,0.13951,9.828262
1764068011557,-0.0723,0.234263,9.690848
1764068011567,-0.119751,0.25477,9.721983
1764068011577,-0.389939,0.066761,9.923464
1764068011587,-0.324525,0.125589,9.743688
1764068011597,-0.068258,0.200583,9.842782
1764068011607,-0.11556,0.228126,9.732162
1764068011617,-0.102986,0.223635,9.80057
1764068011627,-0.051643,0.331261,9.821825
1764068011637,0.015568,0.227677,9.755064
1764068011647,0.052092,0.229772,9.844129
1764068011657,0.12978,0.446521,9.736054
1764068011667,0.050595,0.496218,9.812694
1764068011677,-0.053289,0.447719,9.794283
1764068011687,0.042362,0.474813,9.702673
1764068011697,0.003892,0.382006,9.930499
1764068011707,0.0482,0.412692,9.707314
1764068011717,0.016915,0.278571,9.777068
1764068011727,-0.014071,0.155976,9.859846
1764068011737,0.009281,0.160317,9.718241
1764068011748,0.089065,0.367336,9.88215
1764068011758,0.108225,0.473316,9.599987
1764068011768,0.027243,0.345182,9.991273
1764068011778,-0.005389,0.455652,9.682465
1764068011788,-0.137564,0.401016,9.734557
1764068011798,-0.117506,0.276026,9.984986
1764068011808,-0.058229,0.290097,9.554781
1764068011818,-0.083227,0.162712,9.955647
1764068011828,-0.08173,0.117206,9.675729
1764068011838,-0.016615,0.140408,9.879306
1764068011848,0.004341,0.148192,9.72363
1764068011858,-0.000449,0.146994,9.868379
1764068011868,0.01916,0.188308,9.736203
1764068011878,0.074096,0.249681,9.804611
1764068011888,0.101938,0.371378,9.731114
1764068011898,-0.013173,0.33186,9.943373
1764068011908,-0.006437,0.324076,9.633218
1764068011918,-0.089514,0.232167,9.901759
1764068011928,-0.169897,0.240999,9.795331
1764068011938,-0.167352,0.221839,9.684711
1764068011948,-0.138612,0.180375,9.95894
1764068011958,-0.100441,0.198637,9.628278
1764068011969,-0.080533,0.060474,9.827065
1764068011979,-0.060774,0.007185,9.891281
1764068011989,-0.067809,-0.135468,9.666449
1764068011999,-0.05284,-0.012574,9.708511
1764068012009,-0.018711,0.11541,9.974957
1764068012019,0.092807,0.28351,9.582473
1764068012029,0.160915,0.339793,9.942924
1764068012039,0.142055,0.353415,9.739048
1764068012049,0.100291,0.337847,9.784703
1764068012059,0.06272,0.318238,9.804462
1764068012069,0.015119,0.260159,9.867031
1764068012079,-0.151335,0.30761,9.582024
1764068012089,-0.252375,0.224383,9.927805
1764068012099,-0.149988,0.062271,9.749077
1764068012109,-0.02889,0.032183,9.736054
1764068012119,0.047302,0.045505,9.983789
1764068012129,0.067659,-0.044607,9.485026
1764068012139,-0.005688,-0.018561,10.088271
1764068012149,-0.027692,0.121248,9.748179
1764068012159,-0.117506,0.209714,9.567804
1764068012169,-0.253273,0.156574,10.089169
1764068012180,-0.260009,0.223336,9.50239
1764068012190,-0.21166,0.261357,10.020762
1764068012200,-0.09146,0.344733,9.719887
1764068012210,0.096699,0.366588,9.679921
1764068012220,0.111368,0.242795,10.036928
1764068012230,0.127984,0.314346,9.616153
1764068012240,0.07709,0.277373,9.743389
1764068012250,0.043709,-0.023651,9.975705
1764068012260,0.02889,0.042362,9.677675
1764068012270,0.003293,0.082329,9.799372
1764068012280,-0.01452,0.037722,9.802066
1764068012290,-0.109722,0.284708,9.78605
1764068012300,-0.056732,0.164957,9.760752
1764068012310,-0.143851,0.191751,9.769434
1764068012320,-0.038919,0.237107,9.721384
1764068012330,0.060175,0.123344,9.918674
1764068012340,0.047601,0.14894,9.626182
1764068012350,0.078587,0.183369,9.997859
1764068012360,0.072898,0.214654,9.659413
1764068012370,0.023052,0.323028,9.696835
1764068012380,-0.039518,0.274529,10.048903
1764068012390,0.051792,0.162861,9.462273
1764068012401,0.103285,-0.000299,10.056837
1764068012411,0.09116,0.20672,9.591604
1764068012421,0.048499,0.118254,9.947115
1764068012431,0.007934,0.078886,9.86269
1764068012441,-0.045954,0.436941,9.510473
1764068012451,-0.130529,0.548909,10.094109
1764068012461,-0.215851,0.586031,9.521101
1764068012471,-0.28396,0.370929,9.955048
1764068012481,-0.25956,0.198038,9.75252
1764068012491,-0.105081,-0.00479,9.609417
1764068012501,-0.045505,-0.039518,10.030491
1764068012511,0.026944,-0.101788,9.599837
1764068012521,0.080982,-0.194595,9.847871
1764068012531,0.261357,-0.162712,9.875713
1764068012541,0.246088,0.066162,9.595496
1764068012551,0.129481,0.156874,9.947115
1764068012561,0.121398,0.126038,9.711505
1764068012571,0.059127,0.162263,9.786199
1764068012581,-0.021855,0.22618,9.813593
1764068012591,0.093256,0.062869,9.772578
1764068012601,0.00943,0.338147,9.890533
1764068012611,-0.045206,0.449066,9.627979
1764068012622,0.013622,0.310005,10.009385
1764068012632,0.323777,0.656385,9.690249
1764068012642,0.14445,0.372426,9.275312
1764068012652,-0.172142,-0.084424,10.550809
1764068012662,-0.031584,0.055535,9.414073
1764068012672,0.121398,0.117356,9.585916
1764068012682,0.113913,0.126337,10.418185
1764068012692,-0.001796,0.152832,9.143885
1764068012702,-0.084424,-0.051792,10.172696
1764068012712,-0.121847,-0.038171,9.758507
1764068012722,-0.02425,0.03862,9.411229
1764068012732,0.035776,-0.150886,10.331965
1764068012742,0.102986,-0.031734,9.313333
1764068012752,0.138612,0.035027,10.106384
1764068012762,0.151186,0.041464,9.63711
1764068012772,0.070354,0.001946,9.792187
1764068012782,-0.080533,-0.021106,10.001003
1764068012792,-0.159718,0.021106,9.273665
1764068012802,-0.237107,0.067061,10.373428
1764068012812,-0.118703,0.305964,9.537267
1764068012822,-0.122296,0.399519,9.55044
1764068012832,-0.016615,0.142504,10.231523
1764068012843,0.070054,0.158969,9.579928
1764068012853,0.159269,0.084125,9.706266
1764068012863,0.143252,0.145797,10.071207
1764068012873,0.201182,0.107776,9.453891
1764068012883,0.226928,0.043709,10.023157
1764068012893,0.166454,0.289199,9.716145
1764068012903,0.06272,0.248334,9.728869
1764068012913,-0.004042,0.191751,9.917027
1764068012923,-0.085023,0.171244,9.680669
1764068012933,-0.094005,0.177531,9.855056
1764068012943,-0.143551,0.37033,9.751771
1764068012953,-0.133522,0.249531,9.798773
1764068012963,-0.161215,-0.020807,9.857152
1764068012973,-0.06751,0.222887,9.669293
1764068012983,0.0964,0.305365,9.888587
1764068012993,0.065264,0.299677,9.743239
1764068013003,0.037572,0.08173,9.803114
1764068013013,-0.036524,0.198637,9.739646
1764068013023,-0.045655,0.165855,9.83904
1764068013033,-0.04326,0.099543,9.736802
1764068013043,-0.127535,0.004491,9.8823
1764068013053,-0.115859,0.00943,9.690997
1764068013064,-0.082778,0.051194,9.82437
1764068013074,-0.042961,0.172292,9.832453
1764068013084,-0.014071,0.348625,9.73785
1764068013094,-0.006437,0.277074,9.827364
1764068013104,-0.059875,0.327818,9.752819
1764068013114,-0.03383,0.225731,9.803863
1764068013124,-0.102237,0.042063,9.798324
1764068013134,-0.011227,0.055535,9.834998
1764068013144,0.042063,-0.002694,9.645342
1764068013154,0.02425,-0.026645,9.877061
1764068013164,0.074246,0.06272,9.700727
1764068013174,0.058828,-0.055235,9.845177
1764068013184,0.038021,-0.063318,9.849817
1764068013194,0.087867,0.061372,9.634265
1764068013204,0.213905,0.199834,10.004745
1764068013214,0.16825,0.207469,9.644444
1764068013224,0.102237,0.156724,9.928404
1764068013234,0.120649,0.291594,9.649085
1764068013244,-0.080533,0.255818,9.904603
1764068013254,-0.17798,0.18756,9.782158
1764068013264,-0.274679,0.061672,9.630823
1764068013275,-0.248783,0.113464,9.998009
1764068013285,-0.19714,0.292791,9.597292
1764068013295,-0.020358,0.130678,9.924811
1764068013305,0.054038,0.363893,9.776021
1764068013315,0.099992,0.3368,9.716145
1764068013325,0.059127,0.199086,9.890083
1764068013335,0.003593,0.082029,9.645043
1764068013345,0.040566,-0.113913,9.976753
1764068013355,0.085622,0.140707,9.633218
1764068013365,0.140258,0.223785,9.879905
1764068013375,0.131876,-0.060325,9.736503
1764068013385,0.128283,-0.063468,9.814191
1764068013395,0.090262,0.19714,9.788744
1764068013405,-0.041613,0.325723,9.718091
1764068013415,-0.084874,0.312251,9.945768
1764068013425,-0.173938,0.238005,9.611213
1764068013435,-0.151784,0.251028,10.011331
1764068013445,-0.022902,0.341739,9.653875
1764068013455,0.067659,0.457299,9.665251
1764068013465,0.149838,0.578248,10.119107
1764068013475,0.084874,0.507445,9.398506
1764068013485,0.002395,0.441133,10.040371
1764068013496,-0.031285,0.465532,9.76689
1764068013506,-0.05284,0.479603,9.598789
1764068013516,-0.04341,0.238903,10.060729
1764068013526,-0.031584,0.193248,9.642349
1764068013536,-0.022753,0.214504,9.768387
1764068013546,0.007335,0.279469,10.009685
1764068013556,-0.003293,0.448617,9.525142
1764068013566,0.01931,0.290995,9.916878
1764068013576,0.09595,0.133822,9.804761
1764068013586,0.053139,-0.117506,9.678274
1764068013596,-0.051792,0.025896,9.904154
1764068013606,-0.032033,0.003443,9.690698
1764068013616,0.084125,0.152084,9.928104
1764068013626,-0.000748,0.270338,9.691147
1764068013636,0.017364,0.380958,9.759854
1764068013646,0.039967,0.232167,10.025402
1764068013656,-0.01422,0.223336,9.440568
1764068013666,-0.064067,0.084574,9.971364
1764068013676,-0.020507,0.042063,9.68037
1764068013686,-0.023351,-0.153431,9.877061
1764068013696,0.029339,0.053589,9.923015
1764068013706,0.138013,0.07709,9.522149
1764068013717,0.175735,0.017364,9.999805
1764068013727,0.263452,0.206421,9.710307
1764068013737,0.303718,0.159269,9.735754
1764068013747,0.356409,0.155826,10.049652
1764068013757,0.330662,0.12005,9.517209
1764068013767,0.083975,0.053139,9.721534
1764068013777,-0.161215,-0.226629,9.952504
1764068013787,-0.189207,-0.197888,9.620344
1764068013797,-0.159418,-0.036374,9.983938
1764068013807,-0.116308,0.190404,9.671987
1764068013817,0.00015,0.261506,9.766291
1764068013827,0.113913,0.261057,9.895472
1764068013837,0.137265,0.418081,9.830058
1764068013847,0.070204,0.278122,9.588461
1764068013857,0.045505,0.285157,9.865385
1764068013867,-0.077239,0.199086,9.870025
1764068013877,-0.042811,-0.005389,9.654174
1764068013887,0.09625,0.183967,9.810449
1764068013897,0.175285,0.205672,9.901609
1764068013907,0.098196,0.127385,9.610914
1764068013917,-0.020956,0.032482,9.946815
1764068013927,-0.054636,-0.022004,9.676478
1764068013938,-0.016915,-0.069456,9.664353
1764068013948,0.08173,0.114512,10.073153
1764068013958,0.215252,0.194446,9.527388
1764068013968,0.158969,0.112716,9.952354
1764068013978,0.117506,0.176483,9.867331
1764068013988,0.046853,0.126188,9.491013
1764068013998,0.073198,0.274379,10.092014
1764068014008,0.000898,0.200433,9.644145
1764068014018,-0.021855,0.260608,9.790391
1764068014028,0.068707,0.310903,9.880354
1764068014038,0.122595,0.295785,9.549542
1764068014048,0.114063,0.149539,9.902807
1764068014058,0.162113,0.181123,10.020313
1764068014068,0.154479,0.29803,9.481134
1764068014078,0.012724,0.324974,9.923165
1764068014088,-0.146695,0.252974,9.757609
1764068014098,-0.196541,0.143252,9.918225
1764068014108,-0.143851,0.122146,9.644444
1764068014118,-0.11541,0.021855,9.681567
1764068014128,-0.029788,0.111967,10.043514
1764068014138,0.059127,0.109872,9.56451
1764068014148,-0.010029,-0.040865,9.877959
1764068014159,-0.036225,-0.090113,9.822724
1764068014169,-0.147892,-0.213007,9.602681
1764068014179,-0.156724,-0.32243,9.987082
1764068014189,0.119152,-0.025447,9.674083
1764068014199,0.15403,0.065115,9.892478
1764068014209,0.110171,0.041613,9.843381
1764068014219,-0.037123,0.184716,9.715846
1764068014229,-0.143252,0.463736,9.81958
1764068014239,-0.324375,0.334554,9.739197
1764068014249,-0.407902,0.273781,9.802216
1764068014259,-0.283361,0.196841,9.842932
1764068014269,-0.096699,0.247885,9.787846
1764068014279,-0.017963,0.150737,9.775572
1764068014289,0.005089,-0.041613,9.81479
1764068014299,0.128283,-0.056582,9.727372
1764068014309,0.257315,0.04341,9.857751
1764068014319,0.270787,0.006137,9.895772
1764068014329,0.195943,0.152832,9.656569
1764068014339,0.100441,0.049248,9.682465
1764068014349,-0.012724,-0.021256,9.979897
1764068014359,-0.107477,0.070803,9.797276
1764068014370,-0.265847,0.162113,9.628877
1764068014380,-0.247735,0.258213,9.976454
1764068014390,-0.122595,0.334554,9.624985
1764068014400,-0.035626,0.252525,9.79099
1764068014410,0.169897,0.387694,9.860146
1764068014420,0.260159,0.497416,9.831405
1764068014430,0.190853,0.493823,9.704919
1764068014440,0.088017,0.467628,9.84862
1764068014450,-0.065264,0.346529,9.78096
1764068014460,-0.161065,0.274679,9.77632
1764068014470,-0.172292,0.123344,9.787247
1764068014480,-0.136815,0.087568,9.768536
1764068014490,-0.094753,0.005838,9.896819
1764068014500,0.042661,0.103136,9.64669
1764068014510,-0.010329,0.147294,9.923015
1764068014520,-0.031584,0.07215,9.682615
1764068014530,0.08667,0.007484,9.929003
1764068014540,0.098645,0.149838,9.524095
1764068014550,0.075293,0.114362,10.080787
1764068014560,0.141007,0.179776,9.535172
1764068014570,0.13966,0.154628,9.956994
1764068014580,0.108225,0.168549,9.729168
1764068014591,0.15867,0.055085,9.801168
1764068014601,0.143102,-0.085921,9.835148
1764068014611,0.242346,-0.172741,9.762399
1764068014621,0.229323,-0.119152,9.818682
1764068014631,0.142953,-0.017813,9.657617
1764068014641,0.018262,0.020208,9.930499
1764068014651,0.070204,0.204175,9.695338
1764068014661,-0.033231,0.164508,9.878707
1764068014671,0.042661,0.227527,9.697135
1764068014681,-0.120649,0.104183,9.888287
1764068014691,-0.201032,0.016915,9.681417
1764068014701,-0.262105,-0.117506,9.971963
1764068014711,-0.107926,-0.044607,9.678274
1764068014721,-0.12963,0.147593,9.814341
1764068014731,-0.13951,-0.01437,9.744885
1764068014741,-0.116009,-0.035177,9.943672
1764068014751,-0.044607,0.054786,9.628278
1764068014761,-0.044607,-0.140109,9.870325
1764068014771,-0.030237,-0.153431,9.729467
1764068014781,-0.040266,-0.130379,9.897718
1764068014791,0.015867,-0.102986,9.658515
1764068014801,0.204026,0.16825,9.920021
1764068014812,0.188159,0.248483,9.681417
1764068014822,0.09595,0.212558,9.889335
1764068014832,0.075892,0.329315,9.661359
1764068014842,0.008682,0.411943,9.961186
1764068014852,0.010778,0.250579,9.618997
1764068014862,0.001198,0.324226,9.885593
1764068014872,-0.06257,0.233814,9.76659
1764068014882,-0.032632,0.161963,9.759256
1764068014892,0.005688,0.138163,9.812844
1764068014902,0.016017,0.165107,9.656419
1764068014912,0.085472,0.162712,9.988429
1764068014922,0.134121,0.212259,9.65118
1764068014932,0.075144,0.19699,9.773177
1764068014942,0.012724,0.158071,9.788295
1764068014952,0.061372,-0.000299,9.805809
1764068014962,0.097298,-0.038021,9.873318
1764068014972,0.146246,0.036524,9.727072
1764068014982,0.122894,0.180375,9.740694
1764068014992,-0.000599,0.169148,9.928104
1764068015002,-0.092957,0.490979,9.717043
1764068015012,-0.191901,0.511337,9.707314
1764068015022,-0.291145,0.300725,10.012229
1764068015033,-0.230371,0.145198,9.537866
1764068015043,-0.076641,0.008981,9.919273
1764068015053,0.053589,-0.140258,9.846225
1764068015063,0.104483,-0.213456,9.611962
1764068015073,0.111368,-0.334854,9.952055
1764068015083,0.185315,-0.248633,9.751172
1764068015093,0.157323,-0.080533,9.718989
1764068015103,0.022154,0.009131,9.961186
1764068015113,-0.003443,0.106429,9.497899
1764068015123,0.094903,0.140707,9.943672
1764068015133,0.132325,0.233365,9.769883
1764068015143,0.094603,0.201032,9.770183
1764068015153,0.036973,0.182321,9.862541
1764068015163,0.029489,0.102387,9.739048
1764068015173,-0.011825,-0.066761,9.736952
1764068015183,-0.094903,-3.656297,9.987082
1764068015193,0.133971,-0.709225,9.809701
1764068015203,-0.061522,1.051863,9.776769
1764068015213,0.001497,-0.236808,9.782158
1764068015223,0.018711,0.324226,9.810449
1764068015233,0.007484,0.201481,9.79054
1764068015243,0.014669,0.157023,9.761501
1764068015254,0.018561,0.12484,9.807006
1764068015264,0.003892,0.128283,9.798025
1764068015274,0.009131,0.136217,9.788145
1764068015284,0.00973,0.052391,9.789493
1764068015294,0.01422,0.074545,9.781859
1764068015304,0.015418,0.137115,9.787098
1764068015314,0.020358,0.216001,9.799522
1764068015324,0.001796,0.188907,9.790391
1764068015334,-0.00494,0.190853,9.806258
1764068015344,0.018262,0.102237,9.793983
1764068015354,0.007035,0.084424,9.801168
1764068015364,-0.00015,0.094005,9.798923
1764068015374,0.024848,0.138163,9.794133
1764068015384,0.017364,0.070503,9.782607
1764068015394,0.025597,0.259111,9.794133
1764068015404,-0.001946,0.20687,9.77647
1764068015414,0.002245,0.132325,9.792636
1764068015424,-0.000299,0.099693,9.786199
1764068015434,0.023501,-0.049098,9.798474
1764068015444,0.004191,0.268991,9.793235
1764068015454,-0.005538,0.138163,9.806407
1764068015465,0.003143,0.198038,9.828262
1764068015475,0.037871,0.289498,9.748628
1764068015485,0.030237,0.161364,9.786349
1764068015495,0.009131,0.104483,9.791588
1764068015505,0.015119,0.087418,9.794732
1764068015515,0.008383,0.117955,9.796827
1764068015525,0.007335,0.168549,9.791888
1764068015535,0.015867,0.152982,9.784553
1764068015545,0.005239,0.18741,9.802066
1764068015555,0.010778,0.160915,9.783505
1764068015565,-0.00479,0.167053,9.792786
1764068015575,0.010329,0.138761,9.792486
1764068015585,0.013622,0.104034,9.782158
1764068015595,0.016765,0.098795,9.804162
1764068015605,0.014819,0.150287,9.781709
1764068015615,0.008981,0.186512,9.796528
1764068015625,0.015568,0.208217,9.79563
1764068015635,0.011376,0.153431,9.785002
1764068015645,0.020358,0.123793,9.797576
1764068015655,0.010179,0.099244,9.785601
1764068015665,0.010778,0.120649,9.79099
1764068015675,0.014969,0.135618,9.787397
1764068015686,0.016017,0.171693,9.808952
1764068015696,0.004491,0.157473,9.780362
1764068015706,0.011376,0.171244,9.792337
1764068015716,0.006886,0.145497,9.788295
1764068015726,0.007484,0.123194,9.802815
1764068015736,0.000748,0.107177,9.779464
1764068015746,0.018412,0.103136,9.783355
1764068015756,0.008981,0.16331,9.793534
1764068015766,0.004491,0.188009,9.794881
1764068015776,0.002096,0.198787,9.793235
1764068015786,0.001946,0.140109,9.779913
1764068015796,0.012424,0.121697,9.774673
1764068015806,0.022304,0.09131,9.780511
1764068015816,0.006886,0.136067,9.784553
1764068015826,0.010478,0.155527,9.78605
1764068015836,0.020507,0.180525,9.794283
1764068015846,0.025297,0.157922,9.801617
1764068015856,0.016017,0.154928,9.794133
1764068015866,0.006287,0.145497,9.793235
1764068015876,0.015568,0.132624,9.794432
1764068015886,0.019909,0.127834,9.802965
1764068015896,0.01452,0.123493,9.7859
1764068015907,0.013921,0.144899,9.787696
1764068015917,0.00494,0.175735,9.794582
1764068015927,0.01437,0.183219,9.791139
1764068015937,0.007185,0.152832,9.799222
1764068015947,0.001198,0.113464,9.776021
1764068015957,0.011825,0.102686,9.782158
1764068015967,0.00464,0.132774,9.788894
1764068015977,0.015418,0.155377,9.803563
1764068015987,0.010478,0.17289,9.797576
1764068015997,0.012574,0.162861,9.783355
1764068016007,0.013322,0.165705,9.791588
1764068016017,-0.001048,0.148342,9.780811
1764068016027,0.008233,0.112566,9.797127
1764068016037,0.017065,0.107027,9.791139
1764068016047,0.008981,0.132624,9.790241
1764068016057,0.000599,0.171693,9.79578
1764068016067,0.014819,0.191901,9.785601
1764068016077,0.018412,0.186362,9.80042
1764068016087,0.012274,0.147144,9.786649
1764068016097,0.010778,0.121847,9.779613
1764068016107,0.004042,0.103285,9.774224
1764068016117,0.004042,0.124541,9.796079
1764068016128,0.007934,0.149988,9.780362
1764068016138,0.012424,0.174238,9.799222
1764068016148,0.00015,0.16361,9.778865
1764068016158,0.011227,0.150138,9.782607
1764068016168,0.013173,0.139211,9.781559
1764068016178,0.018412,0.126936,9.794133
1764068016188,0.008832,0.124691,9.797726
1764068016198,0.007484,0.126337,9.777068
1764068016208,0.015268,0.147294,9.79548
1764068016218,0.004341,0.17304,9.794133
1764068016228,0.006437,0.183818,9.787996
1764068016238,0.021855,0.15403,9.784254
1764068016248,0.004341,0.111368,9.771081
1764068016258,0.011526,0.111368,9.790091
1764068016268,0.012274,0.128134,9.792037
1764068016278,0.005239,0.162263,9.791139
1764068016288,0.011825,0.159119,9.777817
1764068016298,0.01452,0.17319,9.790091
1764068016308,0.010927,0.166454,9.782308
1764068016318,-0.000898,0.135917,9.78111
1764068016328,0.018112,0.123493,9.7859
1764068016338,0.015418,0.109422,9.77153
1764068016349,0.01452,0.136516,9.798324
1764068016359,0.012724,0.15388,9.783505
1764068016369,0.00943,0.17813,9.792636
1764068016379,0.01931,0.155377,9.771081
1764068016389,0.010778,0.157473,9.797276
1764068016399,0.020358,0.131876,9.785601
1764068016409,0.00015,0.13457,9.798324
1764068016419,0.012724,0.12963,9.795331
1764068016429,0.008832,0.152982,9.800869
1764068016439,0.004341,0.163909,9.799671
1764068016449,0.021405,0.162412,9.772428
1764068016459,0.00973,0.15403,9.788295
1764068016469,0.019609,0.15403,9.785601
1764068016479,0.022902,0.13442,9.790091
1764068016489,0.012125,0.136217,9.792935
1764068016499,0.018711,0.143402,9.801468
1764068016509,0.007035,0.15373,9.788595
1764068016519,0.018711,0.164658,9.782607
1764068016529,0.00958,0.15852,9.798175
1764068016539,0.011227,0.15852,9.783804
1764068016549,0.020208,0.121847,9.770931
1764068016560,0.016166,0.134121,9.784703
1764068016570,0.00973,0.156874,9.783954
1764068016580,0.015717,0.148791,9.789193
1764068016590,0.018412,0.156874,9.785601
1764068016600,0.003892,0.163759,9.798624
1764068016610,0.007934,0.154778,9.785451
1764068016620,0.006137,0.151485,9.783056
1764068016630,0.002844,0.143252,9.788445
1764068016640,0.016765,0.133073,9.790241
1764068016650,0.005688,0.149389,9.786199
1764068016660,0.013472,0.164658,9.788445
1764068016670,0.020956,0.151485,9.788744
1764068016680,0.005838,0.164059,9.78605
1764068016690,0.015867,0.140258,9.788595
1764068016700,0.009131,0.127984,9.782008
1764068016710,0.007035,0.145348,9.798025
1764068016720,0.009131,0.146845,9.779913
1764068016730,-0.000299,0.149389,9.787846
1764068016740,0.011077,0.159418,9.802066
1764068016750,0.005089,0.161215,9.796528
1764068016760,0.009131,0.139809,9.786948
1764068016770,0.010179,0.138312,9.788145
1764068016781,0.011825,0.145497,9.801468
1764068016791,0.015418,0.138462,9.80042
1764068016801,0.009131,0.136067,9.798025
1764068016811,-0.004191,0.149389,9.793684
1764068016821,0.002545,0.160017,9.786798
1764068016831,0.005538,0.151485,9.786499
1764068016841,0.002096,0.133522,9.792786
1764068016851,0.018561,0.137564,9.794881
1764068016861,0.018112,0.148641,9.782757
1764068016871,0.014669,0.126637,9.779464
1764068016881,0.008682,0.14445,9.78126
1764068016891,0.012724,0.144899,9.791738
1764068016901,0.005389,0.150138,9.787696
1764068016911,0.00943,0.139809,9.792337
1764068016921,0.002395,0.138312,9.794283
1764068016931,0.005838,0.138761,9.794582
1764068016941,-0.004191,0.141755,9.777518
1764068016951,-0.002694,0.150886,9.789044
1764068016961,0.013173,0.149988,9.782757
1764068016971,0.022154,0.143102,9.808952
1764068016981,0.011676,0.159269,9.788744
1764068016991,0.007484,0.140408,9.792187
1764068017002,0.011975,0.128433,9.807455
1764068017012,0.008233,0.131876,9.78126
1764068017022,0.012274,0.149838,9.789942
1764068017032,0.017065,0.153132,9.787247
1764068017042,0.016915,0.15403,9.783804
1764068017052,0.016166,0.157922,9.793983
1764068017062,0.01916,0.135618,9.797127
1764068017072,0.010927,0.128134,9.78111
1764068017082,0.004191,0.137863,9.786349
1764068017092,0.014969,0.13966,9.780362
1764068017102,0.006886,0.1443,9.788744
1764068017112,0.005089,0.147294,9.789343
1764068017122,0.00479,0.170196,9.787547
1764068017132,0.008083,0.15388,9.787098
1764068017142,0.008981,0.141456,9.793085
1764068017152,0.00464,0.135917,9.784553
1764068017162,0.008832,0.131277,9.780362
1764068017172,0.005239,0.131576,9.793534
1764068017182,0.015867,0.145947,9.789792
1764068017192,0.008682,0.15373,9.781709
1764068017202,0.015568,0.150587,9.788894
1764068017212,0.025447,0.152682,9.79578
1764068017223,0.013921,0.144001,9.79054
1764068017233,0.020657,0.147892,9.785301
1764068017243,0.013023,0.125439,9.773476
1764068017253,0.006437,0.144001,9.799971
1764068017263,0.020058,0.151784,9.779014
1764068017273,0.008083,0.166154,9.803414
1764068017283,0.01452,0.154479,9.783655
1764068017293,0.008083,0.136965,9.786499
1764068017303,0.017065,0.133522,9.777817
1764068017313,0.024549,0.137265,9.780661
1764068017323,0.018262,0.146545,9.781559
1764068017333,0.013322,0.142055,9.780062
1764068017343,0.016316,0.160017,9.783804
1764068017353,0.003593,0.151784,9.791888
1764068017363,0.00958,0.146845,9.794283
1764068017373,0.011975,0.131876,9.793235
1764068017383,0.011676,0.139211,9.810299
1764068017393,0.020208,0.147144,9.789193
1764068017403,0.018861,0.162562,9.786199
1764068017413,0.018112,0.153431,9.803563
1764068017423,0.016166,0.157323,9.787846
1764068017433,0.015568,0.154329,9.788295
1764068017444,0.013771,0.141905,9.784703
1764068017454,0.002994,0.138911,9.790241
1764068017464,0.005538,0.147144,9.786199
1764068017474,0.007784,0.131876,9.784852
1764068017484,0.003593,0.145497,9.788894
1764068017494,-0.001048,0.145947,9.783954
1764068017504,0.00973,0.15373,9.787547
1764068017514,0.023052,0.145348,9.783804
1764068017524,0.005538,0.145497,9.81015
1764068017534,0.015418,0.142204,9.785002
1764068017544,0.006886,0.142204,9.777068
1764068017554,0.010029,0.147743,9.798624
1764068017564,-0.000748,0.158969,9.788894
1764068017574,0.012873,0.136067,9.790091
1764068017584,0.017364,0.14415,9.787247
1764068017594,0.010628,0.141755,9.792037
1764068017604,0.01437,0.146246,9.775721
1764068017614,-0.000299,0.146845,9.779164
1764068017624,0.00973,0.143102,9.781859
1764068017634,-0.000748,0.150886,9.77617
1764068017644,0.014819,0.144599,9.787846
1764068017655,0.012724,0.156275,9.784703
1764068017665,0.00494,0.142504,9.793235
1764068017675,0.000599,0.147294,9.771231
1764068017685,0.002994,0.138462,9.784703
1764068017695,0.018412,0.137265,9.793684
1764068017705,0.019609,0.164807,9.789193
1764068017715,0.009131,0.151335,9.793684
1764068017725,0.000449,0.140558,9.789642
1764068017735,0.012724,0.155227,9.799671
1764068017745,0.008083,0.136217,9.785601
1764068017755,0.010628,0.146994,9.793834
1764068017765,0.007934,0.140558,9.784553
1764068017775,-0.001647,0.151485,9.798773
1764068017785,0.006437,0.15403,9.796378
1764068017795,0.013472,0.155377,9.786199
1764068017805,0.026645,0.145497,9.792037
1764068017815,0.018561,0.142354,9.782457
1764068017825,0.017065,0.144001,9.792337
1764068017835,0.012125,0.128583,9.801318
1764068017845,0.007634,0.147443,9.786499
1764068017855,0.010329,0.151635,9.795331
1764068017865,0.002245,0.157323,9.787247
1764068017876,0.025148,0.141905,9.786499
1764068017886,0.00973,0.141606,9.77617
1764068017896,0.00943,0.146096,9.793983
1764068017906,0.014819,0.142204,9.791888
1764068017916,0.005089,0.140558,9.79578
1764068017926,0.01452,0.139809,9.798025
1764068017936,0.009879,0.14924,9.798474
1764068017946,0.020956,0.145647,9.789642
1764068017956,0.018861,0.139809,9.795929
1764068017966,0.021555,0.152832,9.796827
1764068017976,0.020507,0.159119,9.779913
1764068017986,0.007634,0.148491,9.79084
1764068017996,0.01946,0.129181,9.792636
1764068018006,0.00958,0.14894,9.799073
1764068018016,0.006287,0.147593,9.801019
1764068018026,0.00494,0.1443,9.790091
1764068018036,0.01422,0.149389,9.797426
1764068018046,0.024848,0.137115,9.779164
1764068018056,0.020956,0.139959,9.792486
1764068018066,0.018262,0.153132,9.791289
1764068018076,0.017813,0.147443,9.787397
1764068018086,0.017214,0.146695,9.798923
1764068018097,-0.000299,0.15852,9.787996
1764068018107,0.01422,0.141456,9.789792
1764068018117,0.005838,0.147443,9.780511
1764068018127,0.016466,0.149689,9.782158
1764068018137,0.013023,0.151186,9.790391
1764068018147,0.015418,0.145497,9.793235
1764068018157,0.000599,0.150287,9.781409
1764068018167,0.020058,0.136666,9.791888
1764068018177,0.006137,0.149389,9.791588
1764068018187,0.015867,0.138761,9.794133
1764068018197,0.016166,0.139809,9.78096
1764068018207,-0.005389,0.151335,9.798923
1764068018217,0.021705,0.1443,9.793534
1764068018227,0.007634,0.160017,9.797127
1764068018237,0.015867,0.156125,9.783505
1764068018247,0.017663,0.141306,9.792187
1764068018257,0.001347,0.13951,9.791139
1764068018267,0.010179,0.132325,9.792636
1764068018277,0.00943,0.123344,9.782308
1764068018287,0.015268,0.160766,9.802815
1764068018297,0.01422,0.170346,9.78111
1764068018307,-0.000599,0.14924,9.782607
1764068018318,0.013472,0.150587,9.789343
1764068018328,0.007335,0.143252,9.778416
1764068018338,0.005988,0.133822,9.790241
1764068018348,0.010029,0.14894,9.793684
1764068018358,0.012873,0.151335,9.792337
1764068018368,0.018711,0.159418,9.795181
1764068018378,-0.001198,0.165406,9.793834
1764068018388,0.022453,0.149838,9.784852
1764068018398,0.010179,0.135618,9.79578
1764068018408,0.008383,0.122146,9.786798
1764068018418,0.011975,0.122745,9.770782
1764068018428,0.011526,0.156574,9.797426
1764068018438,0.014819,0.160017,9.79099
1764068018448,0.020208,0.158969,9.782008
1764068018458,0.012424,0.148192,9.793385
1764068018468,0.006137,0.13936,9.792337
1764068018478,0.013472,0.140558,9.788445
1764068018488,0.005239,0.142204,9.791588
1764068018498,0.01437,0.146695,9.789493
1764068018508,0.006736,0.14924,9.788295
1764068018518,0.017065,0.15373,9.793684
1764068018528,0.001796,0.161364,9.785152
1764068018539,0.009281,0.143701,9.782308
1764068018549,0.017065,0.126188,9.804761
1764068018559,0.01422,0.119452,9.780362
1764068018569,0.008383,0.136815,9.790391
1764068018579,0.006736,0.14909,9.79054
1764068018589,0.00943,0.15852,9.779763
1764068018599,0.015568,0.154179,9.79084
1764068018609,0.015418,0.145947,9.784852
1764068018619,0.006437,0.132774,9.766141
1764068018629,0.004042,0.146695,9.789792
1764068018639,0.001796,0.132475,9.773476
1764068018649,0.007634,0.142653,9.795031
1764068018659,0.010778,0.151036,9.801917
1764068018669,0.012873,0.14894,9.781709
1764068018679,0.00464,0.156724,9.792636
1764068018689,0.018112,0.147443,9.765692
1764068018699,0.012574,0.141156,9.792187
1764068018709,0.015717,0.126487,9.799073
1764068018719,0.015717,0.136965,9.790241
1764068018729,0.008682,0.135319,9.779763
1764068018739,0.006137,0.157173,9.793684
1764068018750,0.006736,0.162861,9.782308
1764068018760,0.016915,0.155976,9.792337
1764068018770,0.001497,0.145348,9.783056
1764068018780,0.022004,0.136965,9.789792
1764068018790,0.009131,0.136666,9.792037
1764068018800,0.004491,0.120948,9.803563
1764068018810,0.008682,0.137564,9.786499
1764068018820,0.012724,0.149389,9.784852
1764068018830,0.025447,0.166454,9.798923
1764068018840,0.005089,0.156724,9.79099
1764068018850,0.010628,0.140707,9.780362
1764068018860,0.019909,0.138312,9.789193
1764068018870,0.008383,0.128732,9.776619
1764068018880,0.003593,0.13442,9.778715
1764068018890,0.011227,0.13951,9.794881
1764068018900,0.026794,0.140558,9.785002
1764068018910,0.011526,0.148491,9.798025
1764068018920,0.011376,0.130079,9.803114
1764068018930,0.001048,0.141007,9.795031
1764068018940,0.012125,0.144749,9.786649
1764068018950,0.006886,0.141606,9.79069
1764068018960,0.016765,0.142953,9.793534
1764068018971,0.007634,0.154628,9.785451
1764068018981,0.016166,0.156125,9.795929
1764068018991,0.019609,0.148342,9.786349
1764068019001,0.000599,0.143701,9.782906
1764068019011,0.016017,0.135768,9.785451
1764068019021,0.012424,0.128433,9.778565
1764068019031,0.010927,0.137265,9.808353
1764068019041,0.013023,0.147743,9.797127
1764068019051,0.020807,0.137414,9.775721
1764068019061,0.01901,0.13442,9.788744
1764068019071,0.017214,0.13966,9.791738
1764068019081,0.01422,0.153431,9.797576
1764068019091,0.006137,0.13966,9.798923
1764068019101,0.011825,0.13936,9.788894
1764068019111,0.002545,0.142354,9.768836
1764068019121,0.002545,0.15403,9.789193
1764068019131,0.012125,0.152233,9.783206
1764068019141,0.007035,0.149389,9.791139
1764068019151,0.008832,0.142055,9.793684
1764068019161,0.011227,0.144749,9.786199
1764068019171,0.018861,0.152533,9.785152
1764068019181,0.020358,0.145198,9.781409
1764068019192,0.019909,0.153431,9.787696
1764068019202,0.00464,0.141755,9.799821
1764068019212,0.00464,0.136965,9.797426
1764068019222,0.016316,0.148342,9.78575
1764068019232,0.010478,0.155078,9.794432
1764068019242,0.012125,0.144749,9.776919
1764068019252,0.010329,0.146396,9.791888
1764068019262,0.022603,0.142055,9.792037
1764068019272,-0.002395,0.132025,9.799222
1764068019282,0.015568,0.14909,9.795181
1764068019292,0.012724,0.151784,9.794283
1764068019302,0.00479,0.149689,9.79069
1764068019312,0.014819,0.137265,9.790091
1764068019322,0.008532,0.141606,9.787098
1764068019332,0.029938,0.146545,9.789343
1764068019342,0.007784,0.148342,9.788145
1764068019352,0.007934,0.146545,9.789942
1764068019362,-0.011676,0.152383,9.78575
1764068019372,0.015717,0.145048,9.793385
1764068019382,0.01452,0.14445,9.789044
1764068019392,0.007634,0.156874,9.790241
1764068019402,0.024549,0.138761,9.79069
1764068019413,0.002096,0.149689,9.788295
1764068019423,0.00973,0.145647,9.791888
1764068019433,-0.0,0.144001,9.780062
1764068019443,0.015119,0.152682,9.786798
1764068019453,0.020807,0.146845,9.798025
1764068019463,0.020507,0.140408,9.788445
1764068019473,0.007035,0.140109,9.786649
1764068019483,0.001647,0.145797,9.796528
1764068019493,0.013023,0.157473,9.798324
1764068019503,0.01437,0.147443,9.791738
1764068019513,0.077239,-0.198936,11.06035
1764068019523,0.772543,-0.139959,13.634996
1764068019533,-0.087867,0.100441,10.445129
1764068019543,-0.502056,0.29833,8.748857
1764068019553,0.008233,0.878972,5.376819
1764068019563,0.01916,1.3704,5.498665
1764068019573,-0.003143,0.640069,9.566307
1764068019583,-0.472867,0.51957,6.88628
1764068019593,-0.587977,-0.633632,13.534854
1764068019603,0.994682,-1.184187,14.410383
